{
  "Francois": {
    "name": "Francois",
    "budget": 4000000,
    "index": 0
  },
  "Birgit": {
    "name": "Birgit",
    "budget": 7000000,
    "index": 0
  },
  "Lukas": {
    "name": "Lukas",
    "budget": 1010748.22,
    "index": 0
  },
  "Sandra": {
    "name": "Sandra",
    "budget": 750000,
    "index": 0
  },
  "Chris": {
    "name": "Chris",
    "budget": 900000,
    "index": 0
  },
  "Francesco": {
    "name": "Francesco",
    "budget": 1900000,
    "index": 0
  },
  "Mette": {
    "name": "Mette",
    "budget": 2750000,
    "index": 0
  },
  "Alejandro": {
    "name": "Alejandro",
    "budget": 1600000,
    "index": 0
  }
}