{
  "klaus": {
    "name": "klaus",
    "budget": 100000,
    "index": 0
  },
  "oskar": {
    "name": "oskar",
    "budget": 310431.6318555556,
    "index": 0
  },
  "benni": {
    "name": "benni",
    "budget": 250000,
    "index": 0
  },
  "daniela": {
    "name": "daniela",
    "budget": 200000,
    "index": 0
  },
  "horst": {
    "name": "horst",
    "budget": 550000,
    "index": 0
  },
  "sieglinde": {
    "name": "sieglinde",
    "budget": 800000,
    "index": 0
  },
  "Alejandro": {
    "name": "Alejandro",
    "budget": 160000,
    "index": 0
  },
  "Francois": {
    "name": "Francois",
    "budget": 400000,
    "index": 0
  },
  "Birgit": {
    "name": "Birgit",
    "budget": 700000,
    "index": 0
  },
  "Lukas": {
    "name": "Lukas",
    "budget": 110000,
    "index": 0
  },
  "Sandra": {
    "name": "Sandra",
    "budget": 75000,
    "index": 0
  },
  "Chris": {
    "name": "Chris",
    "budget": 90000,
    "index": 0
  },
  "Francesco": {
    "name": "Francesco",
    "budget": 190000,
    "index": 0
  },
  "Mette": {
    "name": "Mette",
    "budget": 275000,
    "index": 0
  }
}